{"run_0": {"params": {"noise_multiplier": 0.5, "batch_size": 64, "epochs": 10, "max_grad_norm": 1.0}, "losses": [6.089802250647414, 5.049071143736993, 4.19241119867627, 3.539333931326982, 3.055245698212728, 2.687882889077854, 2.40004454749589, 2.16838575359452, 1.9795155157577964, 1.8246396354845824]}, "run_1": {"params": {"noise_multiplier": 0.5, "batch_size": 64, "epochs": 15, "max_grad_norm": 1.0}, "losses": [6.087261557231492, 5.046460088341221, 4.190284767388757, 3.5386283145894657, 3.055046768376925, 2.687841955110175, 2.4009621289311625, 2.169322378279362, 1.9803952620104366, 1.824067489553278, 1.693422590060492, 1.5840212533031424, 1.4910009692585657, 1.4110501663060029, 1.3406005940044974]}, "run_2": {"params": {"noise_multiplier": 0.5, "batch_size": 128, "epochs": 10, "max_grad_norm": 1.0}, "losses": [6.088841325569647, 5.055711176420123, 4.206358794721297, 3.5546631955112202, 3.066419861014025, 2.6934234737732248, 2.4036673620111584, 2.1723280019401887, 1.9810689317902135, 1.825511096132234]}, "run_3": {"params": {"noise_multiplier": 0.5, "batch_size": 128, "epochs": 15, "max_grad_norm": 1.0}, "losses": [6.087640270976823, 5.053686198484095, 4.199183118003638, 3.5481494892137655, 3.062549509378295, 2.6937249026459114, 2.402662616396815, 2.1702264261678095, 1.9821208120936558, 1.8265603237201513, 1.696016167806838, 1.5865088179321487, 1.4930833549542748, 1.4117015207987376, 1.341309066919774]}, "run_4": {"params": {"noise_multiplier": 0.5, "batch_size": 256, "epochs": 10, "max_grad_norm": 1.0}, "losses": [6.0935132003201105, 5.061948673712775, 4.210471161906583, 3.5582646239606825, 3.0700675808086295, 2.69711466558239, 2.404692030632434, 2.1728675771562544, 1.9825382464290282, 1.825221966585347]}, "run_5": {"params": {"noise_multiplier": 0.5, "batch_size": 256, "epochs": 15, "max_grad_norm": 1.0}, "losses": [6.089386343338329, 5.054749591980573, 4.202312410495442, 3.550304751939724, 3.0650130763572734, 2.6934412442958418, 2.4023705683841605, 2.1676692857643483, 1.9771321899223822, 1.820099313024412, 1.6895602967763812, 1.5794648977450139, 1.4855557704836593, 1.4048309125430842, 1.3340192789240821]}, "run_6": {"params": {"noise_multiplier": 0.7, "batch_size": 64, "epochs": 10, "max_grad_norm": 1.0}, "losses": [6.09466219365423, 5.060368420662987, 4.20940892897959, 3.5642620571075923, 3.081047091006769, 2.7083999674259207, 2.4211028019587197, 2.190081216773826, 2.003042770505608, 1.847452893047067]}, "run_7": {"params": {"noise_multiplier": 0.7, "batch_size": 64, "epochs": 15, "max_grad_norm": 1.0}, "losses": [6.091147793972805, 5.060625778497289, 4.216148834997758, 3.568026221991744, 3.081568644971264, 2.7108981987400504, 2.4224822675675917, 2.19305827488666, 2.002508176774858, 1.8453813131704353, 1.7147586481216697, 1.605031136694872, 1.5134738370134175, 1.4328543565633964, 1.3654684528858096]}, "run_8": {"params": {"noise_multiplier": 0.7, "batch_size": 128, "epochs": 10, "max_grad_norm": 1.0}, "losses": [6.0904009098216045, 5.059010735138711, 4.208642485691476, 3.559438555351811, 3.07454016202472, 2.70352046245738, 2.413923547984405, 2.1788365814661117, 1.9885100279138497, 1.833166892432796]}, "run_9": {"params": {"noise_multiplier": 0.7, "batch_size": 128, "epochs": 15, "max_grad_norm": 1.0}, "losses": [6.087546465619241, 5.057786646902253, 4.2060938834217545, 3.554291216975049, 3.068083327823352, 2.698910552139727, 2.410433885964705, 2.1785057153880905, 1.990979217726332, 1.8356702943848822, 1.7059840712831429, 1.5958100735677956, 1.5026251513877682, 1.422663840412167, 1.3523484862221338]}, "run_10": {"params": {"noise_multiplier": 0.7, "batch_size": 256, "epochs": 10, "max_grad_norm": 1.0}, "losses": [6.100148393082495, 5.067206473548177, 4.215831195134573, 3.5628131399500553, 3.071895219501436, 2.6995130573529655, 2.4084740171469554, 2.1769049030202656, 1.9879589088531355, 1.830533856400554]}, "run_11": {"params": {"noise_multiplier": 0.7, "batch_size": 256, "epochs": 15, "max_grad_norm": 1.0}, "losses": [6.093626030986173, 5.062573910994851, 4.214541955006555, 3.566296682147782, 3.0808958951673358, 2.7086420012879246, 2.4165652625919005, 2.1817946060333844, 1.990727876134487, 1.8320524745036901, 1.700918319929449, 1.5902014621798857, 1.4969164750736612, 1.4151327223975423, 1.3442199529761478]}, "run_12": {"params": {"noise_multiplier": 1.0, "batch_size": 64, "epochs": 10, "max_grad_norm": 1.0}, "losses": [6.098327873360968, 5.0790540525586545, 4.2437606506607155, 3.604323987478881, 3.1188472572329133, 2.7475634846905113, 2.4613520511346687, 2.2265438067322223, 2.0364662059735124, 1.8846159793815451]}, "run_13": {"params": {"noise_multiplier": 1.0, "batch_size": 64, "epochs": 15, "max_grad_norm": 1.0}, "losses": [6.0910414347264, 5.069661853612338, 4.22657035908577, 3.5797374742796477, 3.0975495152462638, 2.7374974294198458, 2.456757411742079, 2.2272051090478975, 2.041044191399708, 1.8859953607677216, 1.7573369172618039, 1.6443637715098076, 1.5526334302959066, 1.4724584320698273, 1.402209310729333]}, "run_14": {"params": {"noise_multiplier": 1.0, "batch_size": 128, "epochs": 10, "max_grad_norm": 1.0}, "losses": [6.0905798364797405, 5.064581953182121, 4.216719193779743, 3.5674960634868995, 3.085969718626744, 2.716551867482576, 2.4259968193083847, 2.1943625701214984, 2.006930044123546, 1.8505895743098284]}, "run_15": {"params": {"noise_multiplier": 1.0, "batch_size": 128, "epochs": 15, "max_grad_norm": 1.0}, "losses": [6.094641407227887, 5.072826677653456, 4.2325505300815855, 3.593534977942551, 3.110197858643655, 2.740002720312751, 2.4494121202069863, 2.2168579919968243, 2.025748176355436, 1.8703371444668795, 1.736104728798792, 1.6228466058642135, 1.5262119334982467, 1.4449593892292039, 1.3723323656332924]}, "run_16": {"params": {"noise_multiplier": 1.0, "batch_size": 256, "epochs": 10, "max_grad_norm": 1.0}, "losses": [6.094153375823263, 5.071356573870762, 4.223861099524819, 3.5713972872403, 3.0837246040606128, 2.7119361047917696, 2.4201708070045926, 2.187011207478034, 1.9984005995365004, 1.8423301015493165]}, "run_17": {"params": {"noise_multiplier": 1.0, "batch_size": 256, "epochs": 15, "max_grad_norm": 1.0}, "losses": [6.095010005130669, 5.069503378373971, 4.217957538335434, 3.5673899446744377, 3.081355205780484, 2.7115840068752903, 2.4211652053452526, 2.1870816288216743, 1.9997845922109376, 1.8427669910878097, 1.711766622535923, 1.600222076159067, 1.5063313990059295, 1.4236943119548144, 1.3528264875239042]}, "run_18": {"params": {"noise_multiplier": 1.1, "batch_size": 64, "epochs": 10, "max_grad_norm": 1.0}, "losses": [6.098259436956764, 5.09080015836814, 4.26982941008093, 3.6233273931101064, 3.1413343793796726, 2.774694956928385, 2.4846529759826264, 2.255509795631295, 2.0671927382114212, 1.9134662686175885]}, "run_19": {"params": {"noise_multiplier": 1.1, "batch_size": 64, "epochs": 15, "max_grad_norm": 1.0}, "losses": [6.094581732210852, 5.0818940554384975, 4.2467705675958625, 3.608581885729247, 3.1363308645970696, 2.7733809117711705, 2.4940782727490824, 2.2626486770690435, 2.0741181913841724, 1.9245630641720386, 1.7989033690385536, 1.6882644443014583, 1.5916974216670638, 1.5104899908448255, 1.4353475503485915]}, "run_20": {"params": {"noise_multiplier": 1.1, "batch_size": 128, "epochs": 10, "max_grad_norm": 1.0}, "losses": [6.096479049000715, 5.072876774276477, 4.226702085276342, 3.5790058076381683, 3.0968121552714414, 2.7252373757140007, 2.437224749842456, 2.2065237865546825, 2.0162864144447554, 1.8589790754522066]}, "run_21": {"params": {"noise_multiplier": 1.1, "batch_size": 128, "epochs": 15, "max_grad_norm": 1.0}, "losses": [6.094584814007418, 5.06849380601873, 4.227989571082159, 3.587448313909491, 3.101144025517251, 2.734217772829718, 2.4443861769579853, 2.2118315550020937, 2.0222575224434154, 1.8648065851296785, 1.733841158719878, 1.6224868742295497, 1.529642713502281, 1.45139034528652, 1.381466060606618]}, "run_22": {"params": {"noise_multiplier": 1.1, "batch_size": 256, "epochs": 10, "max_grad_norm": 1.0},